{"basicSetup": {"tyres": {"tyrePressure": {"a16 t22.json": [67, 76, 63, 70], "a21.t27-150.5.json": [64, 73, 64, 70]}}, "alignment": {"toe": {"a16 t22.json": [33, 33, 45, 45], "a21.t27-150.5.json": [35, 35, 45, 45]}, "staticCamber": {"a16 t22.json": [-3.576624870300293, -3.56961727142334, -1.334580659866333, -1.329086184501648], "a21.t27-150.5.json": [-3.5743954181671143, -3.5673129558563232, -1.3362599611282349, -1.3315194845199585]}, "toeOutLinear": {"a16 t22.json": [0.0002073029609164223, 0.00020731084805447608, -0.0004983318503946066, -0.0004982433747500181], "a21.t27-150.5.json": [0.00014391525473911315, 0.0001439147163182497, -0.000498059845995158, -0.0004979305085726082]}}, "strategy": {"fuel": {"a16 t22.json": 37, "a21.t27-150.5.json": 46}, "tyreSet": {"a16 t22.json": 3, "a21.t27-150.5.json": 1}, "fuelPerLap": {"a16 t22.json": 3.299999952316284, "a21.t27-150.5.json": 2.9437179565429688}}}, "advancedSetup": {"aeroBalance": {"rodLength": {"a16 t22.json": [5.8563151359558105, 5.8563151359558105, -26.510351181030273, -26.510351181030273], "a21.t27-150.5.json": [5.9410600662231445, 5.9410600662231445, -26.284849166870117, -26.284849166870117]}, "brakeDuct": {"a16 t22.json": [3, 2], "a21.t27-150.5.json": [3, 3]}}}, "temperatures": {"ambient": {"a16 t22.json": "16", "a21.t27-150.5.json": "21"}, "track": {"a16 t22.json": "22", "a21.t27-150.5.json": "27"}}}